"player_id","player_name","player_position"
1033,"Adriano Soares Filgueira","Atacante"
830,"Diogo Henrique Sodré","Meia"
795,"Anderson Ferreira da Silva","Lateral"
697,"Luan José Niedzielsk","Meia"
81,"Willian Kozlowski Alves da Silva","Meia"
925,"Wesley Fernandes Costa","Lateral"
900,"Lincoln Henrique Oliveira dos Santos","Meia"
643,"José Rafael Vivian","Meia"
918,"Rafael Vinicius Carvalho Longuine","Meia"
83,"Roger Rodrigues da Silva","Atacante"
192,"Tiago dos Santos Alves","Zagueiro"
501,"Edigar Junio Teixeira Lima ","Atacante"
122,"Leandro Costa Miranda Moraes","Atacante"
435,"Crystian Souza Carvalho","Lateral"
377,"Diogo Barbosa Mendanha","Lateral"
936,"Renan Martins Pereira","Meia"
225,"Anderson Vital da Silva","Zagueiro"
180,"Pedro Ken Morimoto Moreira","Meia"
919,"Matheus Martins Fogaça de Paulo ","Meia"
244,"Jean Raphael Vanderlei Moreira","Meia"
730,"Paulo Henrique Oliveira da Silva","Atacante"
1011,"Leonardo Costa Silva","Atacante"
108,"André Luiz Tavares","Meia"
80,"William Júnior Salles de Lima Souza","Atacante"
863,"Iago Justen Maidana Martins","Zagueiro"
753,"Thiago Rodrigues da Silva","Atacante"
182,"Luiz Diallison de Souza Alves","Lateral"
953,"Adryelson","Zagueiro"
673,"Rafael Forster","Lateral"
771,"Everton Sousa Soares","Atacante"
454,"Éderson Alves Ribeiro Silva","Atacante"
895,"Jaílson Marques Siqueira","Meia"
387,"Augusto César dos Santos Moreira","Meia"
759,"Pablo Dyego da Silva Rosa","Atacante"
179,"Carlos Eduardo Santos Oliveira","Lateral"
260,"Nirley da Silva Fonseca","Zagueiro"
284,"Rodrigo Modesto da Silva Moledo","Zagueiro"
587,"Cleberson Martins de Souza","Zagueiro"
572,"Antonio Carlos Cunha Capocasali Júnior","Zagueiro"
748,"Daniel Correa Freitas","Meia"
530,"Arnaldo Manoel de Almeida","Lateral"
397,"Lisandro López","Atacante"
957,"Péricles da Silva Nunes","Meia"
390,"Felipe de Oliveira Silva","Meia"
992,"Samuel Marinho Souza","Lateral"
974,"Carlos Eduardo Bacila Jatobá","Zagueiro"
578,"Marion Silva Fernandes","Atacante"
649,"Bruno Augusto Pelissari de Lima","Meia"
537,"Jhon Cley Jesus Silva","Meia"
929,"Kelvenny Petrini Viana da Silva","Atacante"
1020,"Daniel Pollo Barioni","Técnico"
879,"Thiago Maia Alencar","Meia"
1021,"Bruno Henrique Baio da Cunha","Atacante"
464,"Leonardo Rodrigues","Lateral"
503,"Yago Fernando da Silva","Zagueiro"
845,"Carlos Martín Luque","Meia"
564,"Paulo Otávio Rosa Silva","Lateral"
1015,"Matheus Trindade Gonçalves","Meia"
745,"Jonas Gomes de Sousa","Meia"
461,"Jackson Fernando de Sousa","Meia"
351,"Pablo Nascimento Castro","Zagueiro"
343,"Paulo Roberto da Silva","Meia"
569,"Yago Moreira Silva","Atacante"
287,"André Felipe Ribeiro de Souza","Atacante"
446,"Argélico Fucks","Técnico"
371,"Eron Santos Lourenço","Lateral"
638,"Geandro Augusto de Paula ","Meia"
160,"Marcelo Oliveira Ferreira","Lateral"
524,"Douglas Ricardo Grolli","Zagueiro"
93,"Claudinei Cardoso Felix da Silva","Lateral"
664,"Ronan Queiroz de Paula Afonso","Lateral"
989,"Daniel Alejandro Hernández","Meia"
938,"Bernardo Fernandes da Silva Júnior","Zagueiro"
875,"Dioclécio Horácio da Silva","Meia"
921,"Wagner Ricardo Silva da Silva","Meia"
131,"Egídio de Araújo Pereira Júnior","Lateral"
77,"Alex Raphael Meschini","Meia"
561,"Dankler Luis de Jesus Pedreira","Zagueiro"
96,"Eder Luis de Oliveira","Atacante"
513,"Jean Deretti","Meia"
885,"Joemison Santos Barbosa","Zagueiro"
766,"Malcoon Silva","Lateral"
629,"Alisson Euler de Freitas Castro","Atacante"
246,"Maikon Fernando Souza Leite","Atacante"
368,"Francisco Jackson Menezes da Costa","Meia"
146,"Adriano Bispo dos Santos","Meia"
978,"João Paulo Paulo Queiroz Moraes","Atacante"
314,"Fabrício de Sousa","Meia"
88,"Renato Soares de Oliveira Augusto","Meia"
286,"Alan Patrick Lourenço","Meia"
491,"José Fagner Silva da Luz","Atacante"
1006,"Matheus dos Santos Batista","Atacante"
576,"Fabiano Leissmann","Lateral"
63,"Richarlyson Barbosa Felisbino","Meia"
984,"Giovanny Bariani Marques","Meia"
1008,"Kaio Silva Mendes","Meia"
292,"Diego Renan de Lima Ferreira","Lateral"
568,"Joeliton Lima Santos","Lateral"
378,"William Henrique Rodrigues da Silva","Atacante"
596,"Edson Felipe da Cruz","Meia"
480,"Jomar Herculano Lourenço","Zagueiro"
498,"Pedro Paulo Alves Vieira dos Reis","Atacante"
121,"Kleber Giacomace de Souza Freitas","Atacante"
71,"Frederico Chaves Guedes","Atacante"
628,"Tauã Ferreira dos Santos","Atacante"
762,"Milton Mendes","Técnico"
814,"Vitor Frezarin Bueno","Meia"
296,"Orlando Francisco Pires Júnior","Atacante"
826,"Giorgian Daniel de Arrascaeta Benedetti","Meia"
21,"Rodrigo Oliveira de Bittencourt","Meia"
631,"José Henrique da Silva Dourado","Atacante"
1010,"Jeferson Wagner de Lima Bólico","Meia"
62,"Danilo Gabriel de Andrade","Meia"
887,"Bruno Edgar Silva Almeida","Meia"
150,"Alexandre Rodrigues da Silva","Atacante"
401,"Leonardo Fabrício Soares da Costa","Meia"
959,"Marciel Silva da Silva","Meia"
72,"Roberto César Zardin Rodrigues","Atacante"
996,"Thiago Ferreira Lopes","Meia"
542,"Reinaldo Manoel da Silva","Lateral"
1012,"Wesley Craudio Campos","Lateral"
123,"Dorival Silvestre Júnior","Técnico"
338,"Deivid Willian da Silva","Meia"
474,"Guilherme Felipe de Castro","Meia"
616,"Diego Santos Gama Camilo","Atacante"
106,"Jecimauro José Borges dos Santos","Zagueiro"
1028,"Danny Sergio","Técnico"
218,"Rafael de Souza Pereira","Meia"
832,"Jorge Marco de Oliveira Moraes","Lateral"
472,"Nicolás Andrés Freitas Silva","Meia"
53,"Luiz Felipe Ventura dos Santos","Goleiro"
769,"Jonathan Francisco Lemos","Zagueiro"
800,"Donato Antônio Silva Neto","Zagueiro"
318,"Thiago Ribeiro Cardoso","Atacante"
331,"João Vitor Lima Gomes","Meia"
355,"Víctor Javier Cáceres Centurión","Meia"
701,"Clayson Henrique da Silva Vieira","Meia"
735,"Robert Gonçalves Santos","Meia"
570,"Jonatas Barbosa Rodrigues","Meia"
175,"Sérgio Antônio Borges Júnior","Meia"
69,"Fernando Buttenbender Prass","Goleiro"
250,"Tiago Luis Martins","Atacante"
757,"Victor Luis Chuab Zamblauskas","Meia"
672,"Celso Luís Honorato Júnior","Meia"
31,"Julio Cesar Coelho de Moraes Júnior","Lateral"
710,"Lucas Cavalcante Silva Afonso","Zagueiro"
868,"Willian de Asevedo Furtado","Lateral"
686,"Duvier Riacos Barahona","Atacante"
958,"Matheus Alves","Goleiro"
406,"Weverton Pereira da Silva","Goleiro"
221,"Eduardo da Silva Nascimento Neto","Meia"
969,"Kevin Peterson Dos Santos Silva","Lateral"
82,"Wellington Pereira do Nascimento","Atacante"
767,"Vitor Xavier de Campos Humeni","Atacante"
207,"Leonardo Gamalho de Souza","Atacante"
288,"Pablo Estifer Armero","Lateral"
276,"Maicon Talhetti","Meia"
644,"Rafhael Lucas Oliveira da Silva","Atacante"
833,"Douglas Baggio de Oliveira Costa","Atacante"
806,"Gabriel Costa França","Zagueiro"
409,"Renato Escobar Baruffi","Meia"
113,"Júlio César Baptista","Meia"
546,"Marcelo Augusto Mathias da Silva","Zagueiro"
439,"Ederaldo Antônio de Oliveira","Goleiro"
373,"Eduardo Colcenti Antunes","Atacante"
618,"Marcos Vinícius dos Santos Gonçalves","Técnico"
932,"Jesiel Cardoso Miranda","Zagueiro"
468,"Ivan Aparecido Martins","Lateral"
257,"Marcelo de Oliveira Santos","Técnico"
834,"Ivan Quaresma da Silva","Goleiro"
859,"Gabriel Fernando de Jesus","Atacante"
424,"Victor Gomes Lemos","Meia"
65,"Severino dos Ramos Durval da Silva","Zagueiro"
8,"Oswaldo de Oliveira","Técnico"
617,"Romário Guilherme dos Santos","Lateral"
36,"Diego Salgado Costa de Meneses","Goleiro"
856," Carlos Henrique dos Santos Couto","Zagueiro"
255,"Wellington Aparecido Martins","Meia"
1,"Juan Silveira dos Santos","Zagueiro"
869,"Matheus de Sales Cabral","Meia"
4,"Magno Alves de Araújo","Atacante"
656,"Moisés Wolschick","Meia"
774,"Jonathan Fernando da Costa Ramos","Meia"
205,"Ytalo José da Silva Santos","Atacante"
922,"Paulo Victor Nunes Martins","Atacante"
400,"Gabriel Rybar Blos","Zagueiro"
326,"Marcos Gabriel do Nascimento","Meia"
164,"Lucas Rios Marques","Lateral"
158,"David Braz de Oliveira Filho","Zagueiro"
258,"Enderson Alves Moreira","Técnico"
1032,"Eriélton Carlos Pacheco","Técnico"
976,"Gelson Luis Pinto Mello","Meia"
581,"Derivaldo Bezerra Cavalcante","Meia"
626,"Fernando Viana Silva Jardim","Atacante"
189,"Hudson José Coutinho","Técnico"
430,"Marco da Silva Ignácio","Meia"
407,"Elton Junior Melo Ataíde","Meia"
438,"Juberci Alves da Cruz","Atacante"
777,"Luiz Paulo França do Nascimento","Lateral"
1034,"Fabio Carvalho Matos","Meia"
670,"Artur Jesus Vieira","Zagueiro"
808,"Alex Flávio Santos Luz","Zagueiro"
965,"Caique França Godoy","Goleiro"
339,"Fábio Souza dos Santos","Atacante"
947,"Luiz Carlos dos Santos Junior","Meia"
313,"Eduardo Pereira Rodrigues","Atacante"
803,"Philipe Maia de Freitas","Zagueiro"
359,"Maycon Vinícius Ferreira da Cruz","Meia"
347,"Matías Nicolás Rodríguez","Lateral"
817,"Tiago Machowski","Goleiro"
613,"Pedro Tonon Geromel","Zagueiro"
693,"Guilherme Parede Pinheiro","Atacante"
559,"Bruno de Oliveira Furlan","Atacante"
370,"Ederson Honorato Campos","Meia"
940,"Matheus Gonçalves Sávio","Atacante"
901,"Cristian Luiz Moreira","Lateral"
129,"Marcelo dos Santos","Meia"
821,"Antônio Francisco Moura Neto","Meia"
166,"Wellington Luis de Sousa","Atacante"
509,"Christian Alberto Vilches González","Zagueiro"
458,"Gabriel Santana Pinto","Meia"
855,"Eduardo Jose Barbosa da Silva Junior","Meia"
1039,"Jobson Souza Santos","Meia"
141,"Fagner Conserva Lemos","Lateral"
125,"Alessandro Beti Rosa","Goleiro"
961,"José Arthur Pereira Neto","Atacante"
266,"Uelliton da Silva Vieira","Meia"
825,"Gabriel Leite Borges","Meia"
432,"Mike dos Santos Nenatarvicius","Atacante"
903,"Matheus Albino Carneiro","Goleiro"
441,"Sherman Andrés Cárdenas Estupiñan","Meia"
665,"Régis Augusto Salmazzo","Meia"
89,"Fábio Ferreira da Silva","Zagueiro"
330,"Giovanni Aparecido Adriano dos Santos","Goleiro"
220,"Pablo de Barros Paulino","Lateral"
270,"José Gildeixon Clemente Paiva","Meia"
280,"Paulo Marcos de Jesus Ribeiro","Zagueiro"
91,"Jorge Luís Valdivia Toro","Meia"
972,"Adniellyson da Silva Oliveira","Meia"
242,"João Guilherme Estevão da Silva","Atacante"
190,"Walter Leandro Capeloza Artume","Goleiro"
105,"Douglas dos Santos","Meia"
772,"Luan Guilherme de Jesus Vieira","Atacante"
878,"Felipe Saturnino Gomes","Lateral"
20,"Rafael Marques Pinto","Zagueiro"
240,"Bruno Henrique Fortunato Aguiar","Zagueiro"
171,"Wesley Lopes Beltrame","Meia"
866,"Daniel Miller Tenenbaum","Goleiro"
993,"Gustavo Agustín Viera Velázquez","Meia"
320,"Giovanni Augusto Oliveira Cardoso","Meia"
1030,"Thiago Nascimento dos Santos","Atacante"
660,"Matheus Galdezani","Meia"
487,"Ewerton Ribeiro Páscoa","Zagueiro"
785,"Rodrigo Vasconcelos Oliveira","Meia"
411,"Silvio José Cardoso Reis Junior","Atacante"
796,"José Carlos Citta Junior","Meia"
382,"Bruno Henrique Corsini","Meia"
433,"Frederico Burgel Xavier ","Zagueiro"
904,"João Lucas Lima Silva","Lateral"
685,"Alef Vieira dos Santos","Zagueiro"
59,"Rogério Ceni","Goleiro"
199,"Edson Ramos da Silva","Lateral"
449,"Eduardo Antônio Machado Teixeira","Meia"
550,"Luiz Eduardo dos Santos Gonzaga","Atacante"
548,"Matheus Dória Macedo","Zagueiro"
899,"Pedro Rocha Neves","Atacante"
883,"Romulo dos Santos de Souza","Atacante"
807,"Mário Sérgio Gomes de Souza","Lateral"
1029,"Mateus da Silva Vital Assumpção","Meia"
26,"Adolfo Rosinei Nascimento","Meia"
402,"Henrique Mendonça Mattos","Zagueiro"
782,"Ewandro Felipe de Lima Costa","Atacante"
15,"Gilson Kleina","Técnico"
729,"Fabrício Santos de Jesus","Meia"
746,"Artur Sérgio Batista de Souza","Lateral"
346,"Wagner da Silva","Zagueiro"
676,"Alan José Bernardon","Goleiro"
639,"Luiz Gustavo Domingues","Zagueiro"
229,"Julio Daniel dos Santos Rodríguez","Meia"
556,"Elisson Aparecido Rosa","Goleiro"
42,"Germán Gustavo Herrera","Atacante"
574,"Douglas dos Santos Justino de Melo","Lateral"
962,"Luiz Felipe Costa Meneses","Meia"
727,"Jeferson de Araújo de Carvalho","Lateral"
210,"Elias Mendes Trindade","Meia"
35,"Henrique Pacheco de Lima","Meia"
279,"Elias Constantino Pereira Filho","Atacante"
793,"Igor Brondani da Luz","Zagueiro"
510,"João Felipe Schimdt Urbano","Meia"
577,"Odair Souza ","Meia"
971,"Silas Araújo da Silva","Meia"
95,"Marcos Aurélio de Oliveira Lima","Meia"
913,"Crysan da Cruz Queiroz Barcelo","Atacante"
802,"Eduardo Moreira de Souza","Goleiro"
494,"Claudio Winck Neto","Lateral"
916,"Raul José Cardoso","Lateral"
709,"Maximiliano Rodríguez","Meia"
133,"Osvaldo Lourenço Filho","Atacante"
705,"Ítalo Melo Oliveira","Meia"
571,"Bruno Alexandre Marques Pereirinha","Lateral"
66,"Jorge Henrique de Souza","Atacante"
847,"Ayrton Lucas Dantas de Medeiros","Lateral"
440,"Julinho Camargo","Técnico"
1001,"Daniel de Carvalho","Meia"
194,"Hélder de Paula Santos","Meia"
161,"Guilherme Oliveira Santos","Lateral"
522,"Danilo Lopes Cezário","Atacante"
434,"Matheus Simonete Bressanelli","Zagueiro"
661,"Jerffeson de Kassio Wanderley Santos","Lateral"
356,"Lucas Ramón Barrios Arioli","Atacante"
1027,"Ronaldo da Silva Souza","Meia"
841,"Adrián Ricardo Centurión","Atacante"
713,"Emanuel Biancucchi","Meia"
177,"Leandro Almeida da Silva","Zagueiro"
669,"Welinton Junior Ferreira dos Santos","Atacante"
505,"Thomás Jaguaribe Bedinelli","Meia"
334,"Aderbar Melo dos Santos Neto","Goleiro"
775,"Sidcley Ferreira Pereira","Lateral"
990,"Gabriel Monteiro Vasconcelos","Atacante"
516,"Madson Ferreira dos Santos","Lateral"
573,"Caíque da Silva Santos","Atacante"
525,"Rafael Ferreira Donato","Zagueiro"
680,"Alisson Ramses Becker","Goleiro"
997,"Odair Hellmann","Técnico"
948,"Mateus Silva Machado","Atacante"
988,"Andre Luis da Costa Alfredo","Atacante"
12,"Augusto Sérgio Ferreira","Técnico"
277,"Alan Luciano Ruschel","Lateral"
690,"Anderson José Lopes de Souza","Atacante"
112,"Anderson Luiz de Carvalho","Atacante"
154,"Guilherme Milhomen Gusmão","Meia"
714,"Lucas Gomes da Silva","Atacante"
764,"Bruno Gomes de Oliveira Conceição","Atacante"
374,"Cristian Daniel Ledesma","Meia"
591,"Glekson Marrone Pires Santos","Lateral"
134,"José Jefferson Rodrigues de Oliveira","Lateral"
844,"Ángel Rodrigo Romero Villamayor","Atacante"
682,"Matheus Antunes Ribeiro","Lateral"
797,"Pedro Henrique Ribeiro Gonçalves","Zagueiro"
203,"José Nivaldo Martins Constante","Goleiro"
396,"Ruan Carlos Gomes Costa da Silva","Atacante"
1014,"Claudio Luiz Rodrigues Parise Leonel","Atacante"
311,"Anselmo de Moraes","Meia"
282,"Luan Madson Gedeão De Paiva","Atacante"
908,"Vitor Monteiro Luiz","Goleiro"
362,"Victor Ferraz Macedo","Lateral"
728,"Raphael Guimarães de Paula","Meia"
924,"Carlos Eduardo Ferreira de Souza","Atacante"
860,"Nathan Pelae Cardoso","Zagueiro"
163,"Rafael Ramos de Lima","Zagueiro"
689,"Marcos Guilherme de Almeida S. Matos","Meia"
29,"Eduardo Luís Abonizio de Souza","Zagueiro"
322,"Ronaldo Luiz Alves","Zagueiro"
547,"Marinaldo dos Santos Oliveira","Meia"
933,"Romeo Fernandes","Atacante"
465,"Bruno Fabiano Alves","Zagueiro"
894,"Bruno Henrique Pinto","Atacante"
208,"Sandro Laurindo da Silva","Meia"
304,"Marcelo Lomba do Nascimento","Goleiro"
490,"Rodinei Marcelo de Almeida","Lateral"
634,"Igor de Carvalho Julião","Lateral"
419,"Sueliton Pereira de Aguiar","Lateral"
914,"William Schuster Dornelles da Silva","Meia"
285,"Leandro Paulino da Silva","Zagueiro"
477,"Jubal Rocha Mendes Júnior","Zagueiro"
259,"Ricardo Drubscky","Técnico"
861,"Judivan Flor da Silva","Atacante"
478,"Thiago Carvalho de Oliveira","Zagueiro"
299,"Jonathan Doin","Zagueiro"
699,"Neilton Meira Mestzk","Atacante"
310,"Wellington da Silva Pinto","Zagueiro"
416,"Reynaldo Moura Machado dos Santos","Goleiro"
786,"Liniker da Silva Moreira","Meia"
271,"Guilherme Andrade Silva","Lateral"
107,"Márcio José Oliveira","Meia"
383,"Fabio Szymonek","Goleiro"
950,"Rodrigo Eduardo da Silva","Zagueiro"
54,"Mário Lúcio Duarte Costa","Goleiro"
451,"Samuel Xavier Brito","Lateral"
741,"Uilson Pedruzzi de Oliveira","Goleiro"
939,"Hugo Gomes dos Santos Silva","Meia"
902,"Bryan Olivera Calvo","Meia"
138,"Elton Divino Célio","Lateral"
828,"Gustavo Henrique Furtado Scarpa","Meia"
668,"Matheus Bitencourt da Silva","Meia"
836,"Paulo Henrique Alves de Faria","Goleiro"
731,"Marcos Felipe de Freitas Monteiro","Goleiro"
694,"Érico Francisco de Oliveira Junior","Atacante"
52,"Humberlito Borges Teixeira","Atacante"
241,"Fernando Camilo Farias","Meia"
363,"Pablo Nicolás Mouche","Atacante"
492,"Luiz Antonio de Souza Soares","Meia"
641,"Núbio Flávio Martins de Souza","Atacante"
462,"José Rogério de Oliveira","Atacante"
515,"Yuri Souza Almeida","Atacante"
167,"Willian Thiego de Jesus","Zagueiro"
507,"José Mário de Bona","Meia"
57,"Cleber Santana Loureiro","Meia"
405,"Luiz Eduardo Rodrigues","Zagueiro"
500,"José Élber Pimentel da Silva","Meia"
637,"Douglas da Silva","Zagueiro"
254,"Walter Henrique da Silva","Atacante"
188,"Renato Adriano Jacó de Morais","Meia"
935,"Arthur Rodrigues Rezende","Meia"
174,"Anderson da Silveira Ribeiro","Lateral"
1003,"Douglas Augusto Soares Gomes","Meia"
678,"Tagueu Tadjo Diederrick Joel","Atacante"
553,"Eduardo Henrique da Silva","Meia"
712,"Agustín Lionel Allione","Meia"
968,"José Ivaldo Almeida Silva","Zagueiro"
708,"Danilo Carvalho Barcelos","Meia"
820,"Joelinton Cassio Apolinário de Lira","Atacante"
562,"Dorival Guidoni Júnior","Técnico"
760,"Samuel Portugal","Goleiro"
983,"Augusto César","Técnico"
333,"João Carlos Heidemann","Goleiro"
588,"Matheus Caldeira Vidotto de Oliveira","Goleiro"
361,"José Nilson dos Santos Silva","Atacante"
593,"Vitor Ferreira de Paiva","Goleiro"
805,"Allano Brendon de Souza Lima","Atacante"
251,"Mariano Sebastián Trípodi","Atacante"
130,"Willian Gomes de Siqueira","Atacante"
892,"John Stiven Mendoza Valencia","Atacante"
917,"Arthur Henrique Ramos de Oliveira Melo","Meia"
126,"Adilson Dias Batista","Técnico"
906,"Igor da Silva Candiota","Zagueiro"
209,"Maylson Barbosa Teixeira","Meia"
943,"Marcelo Faria Fernandes","Técnico"
840,"Marcos do Sul Bezerra","Atacante"
128,"Eduardo Nascimento Costa","Meia"
812,"Matheus da Cunha Gomes","Meia"
448,"Rafael Martins Claro","Goleiro"
580,"Jadson Alves dos Santos","Meia"
456,"Revson Cordeiro dos Santos","Meia"
283,"Rubens Raimundo da Silva","Meia"
309,"Cícero Vítor dos Santos Júnior","Lateral"
985,"Lyanco Evangelista Silveira Neves Vojnov","Zagueiro"
1040,"Augusto de Souza Silva","Zagueiro"
94,"Carlos Andrade Souza","Lateral"
703,"Gustavo Marmentini dos Santos","Meia"
214,"Edmílson dos Santos Silva","Atacante"
64,"Ygor Maciel Santiago","Meia"
453,"Denner Nascimento da Luz","Meia"
140,"Bruno Vieira do Nascimento","Lateral"
534,"Jonathan Renato Barbosa","Atacante"
734,"Vinícius Silvestre da Costa","Goleiro"
532,"Lucas Santos Siqueira","Meia"
469,"Lucas David Pratto","Atacante"
13,"Ney Franco da Silveira Júnior","Técnico"
275,"Rodolfo Alves de Melo","Goleiro"
386,"Clayton Sales Paulino","Lateral"
132,"Fernando Paixão da Silva","Meia"
499,"Rodrigo Frauches de Souza Santos","Zagueiro"
168,"Kayke Moreno de Andrade Rodrigues","Atacante"
16,"Paulo André Cren Benini","Zagueiro"
502,"José Paolo Guerrero Gonzales","Atacante"
886,"Rafael Furlan Soares","Atacante"
567,"Vanaílson Luciano Souza Alves","Goleiro"
663,"Paulo Roberto Moccelin","Atacante"
711,"Santiago Montoya Muñoz","Meia"
116,"José Eduardo Bischofe de Almeida","Atacante"
73,"Adriano Laaber","Meia"
848,"Luiz Carlos Oliveira Bitencourt","Goleiro"
514,"Eugenio Esteban Mena Reveco","Lateral"
911,"Luiz Fernando Ferreira Maximiliano","Meia"
589,"Luciano da Rocha Neves","Atacante"
862,"Felipe Afonso Zang","Zagueiro"
489,"Walisson Moreira Farias Maia","Zagueiro"
602,"Rafael Gimenes da Silva","Meia"
715,"Nilton Soares Rodrigues","Atacante"
466,"Rildo de Andrade Felicissimo","Atacante"
758,"Breno Gonçalves Lopes","Lateral"
103,"Matheus Ferraz Pereira","Zagueiro"
706,"Samir Caetano de Souza Santos","Zagueiro"
521,"Leandro Cordeiro de Lima Silva","Meia"
518,"Everaldo Stum","Atacante"
305,"Paulo Victor Mileo Vidotti","Goleiro"
217,"Vinícius Soares Eutropio","Técnico"
325,"Leandro Damião da Silva dos Santos","Atacante"
761,"Marcos da Silva França","Atacante"
384,"Leonardo Cittadini","Meia"
645,"Jean Felipe Nogueira da Silva","Lateral"
485,"Fernando Omar Tobio","Zagueiro"
2,"Leonardo José Aparecido de Moura","Zagueiro"
632,"Leonardo Santos Lisboa","Meia"
300,"Rafael Galhardo de Souza","Lateral"
716,"Jonatan Lucca","Meia"
149,"Fabricio dos Santos Silva","Lateral"
818,"Raul Cabral","Técnico"
115,"Vagner Silva de Souza","Atacante"
698,"Mateus Lucena dos Santos","Lateral"
827,"Matheus de Vargas","Meia"
621,"Lucas Andrés Mugni","Meia"
681,"Ruy Franco de Almeida Junior","Meia"
854,"Marco Gabriel Damasceno Alves","Atacante"
408,"Agenor Detofol","Goleiro"
910,"Teodoro Junio Barbosa de Araújo","Meia"
647,"Danrlei Rosa dos Santos","Zagueiro"
582,"Marcos Junio Lima dos Santos","Atacante"
585,"Alexandre Rosa Paschoalato","Goleiro"
763,"Ebert Cardoso da Silva","Lateral"
497,"Guilherme Costa Machado Silveira","Meia"
337,"Paulo Sérgio de Oliveira","Meia"
1013,"Kauê da Silva","Atacante"
960,"Matheus Henrique Cassini de Paula","Meia"
425,"Ednei Barbosa de Souza","Zagueiro"
675,"Marcos Danilo Padilha","Goleiro"
422,"Giovanni Palmieri dos Santos","Lateral"
484,"Geuvânio Santos Silva","Atacante"
278,"Evanildo Borges Barbosa Júnior","Meia"
460,"Gutieri Tomelin","Zagueiro"
70,"Marcos Vicente dos Santos","Meia"
40,"Marcelo Pereira da Costa","Meia"
291,"Francisco Sousa dos Santos","Lateral"
768,"Danilo das Neves Pinheiro","Meia"
912,"Matheus Pereira da Silva","Meia"
76,"Maicon Thiago Pereira de Souza","Meia"
780,"Diego Cardoso Nogueira","Atacante"
413,"Thiago Galhardo do Nascimento Rocha","Meia"
700,"William Cordeiro Melo","Lateral"
61,"Denilson Pereira Neves","Meia"
51,"Luis Fabiano Clemente","Atacante"
367,"Alan Santos da Silva","Meia"
252,"Vanderlei Farias da Silva","Goleiro"
389,"João Filipe Rabelo da Costa e Silva","Zagueiro"
835,"Isaac Oliveira Prado","Atacante"
787,"Eduardo Gabriel dos Santos Bauermann","Zagueiro"
262,"Everton José Modesto Silva","Lateral"
931,"Bruno Duarte Nicomedes","Atacante"
973,"Henrique de Souza Trevisan","Zagueiro"
245,"Everton Kempes dos Santos Gonçalves","Atacante"
345,"Danilo Fernandes Batista","Goleiro"
293,"Márcio Passos de Albuquerque","Atacante"
404,"João Paulo Gomes da Costa","Lateral"
1038,"Wesley Pionteck Souza","Meia"
23,"Rodrigo Baldasso da Costa","Zagueiro"
145,"Adenor Leonardo Bachi","Técnico"
184,"Denis Cesar de Matos","Goleiro"
994,"Evandro da Silva","Atacante"
600,"Matheus Francisco Inácio","Goleiro"
1005,"Lucas Lovat","Lateral"
915,"Alisson Alves Farias","Meia"
543,"Thiago dos Santos","Meia"
512,"Emerson da Conceição","Lateral"
496,"Hernani Azevedo Junior","Meia"
888,"Andrigo Oliveira de Araujo","Meia"
688,"Gabriel Barbosa Almeida","Atacante"
853,"Jucemar de Oliveira Cordeiro Júnior","Goleiro"
991,"José Carlos Ferreira Junior","Zagueiro"
92,"Lucas Pierre Santos Oliveira","Meia"
238,"Wellington Aleixo dos Santos","Lateral"
249,"Rudnei da Rosa","Meia"
10,"Artur Alves da Silva Neto","Técnico"
755,"Sander Henrique Bertolotto","Lateral"
303,"Francisco Rithely da Silva Sousa","Meia"
290,"Bruno César Pereira da Silva","Meia"
952,"Daniel da Silva dos Anjos","Atacante"
27,"Rafael Martiniano de Miranda Moura","Atacante"
22,"Lúcio Flávio dos Santos","Meia"
226,"Renan Henrique Oliveira Vieira","Meia"
365,"Fellipe Ramos Ignez Bastos","Meia"
135,"William José de Souza","Meia"
601,"Higor Rodrigues Barbosa Leite","Meia"
227,"Felipe Azevedo dos Santos","Atacante"
722,"Alberto Valentim do Carmo Neto","Técnico"
893,"Luiz Fernando Macedo dos Santos","Meia"
719,"Erik Nascimento Lima","Atacante"
813,"Matheus Reis de Lima","Lateral"
55,"Almir Lopes de Luna","Meia"
398,"Edson José da Silva","Zagueiro"
38,"Marcos Arouca da Silva","Meia"
955,"Leandro Henrique do Nascimento","Atacante"
870,"Paulo Modesto da Silva Júnior","Meia"
691,"Wanderson de Macedo Costa","Atacante"
1019,"Renato Kayser de Souza","Atacante"
750,"Hyoran Kaue Dalmoro","Meia"
891,"Bruno Antonio dos Santos","Lateral"
67,"João Alves de Assis Silva","Atacante"
196,"Bruno Rodrigo Fenelon Palomo","Zagueiro"
696,"Andrei Girotto","Meia"
473,"Diego Vicente Aguirre Camblor","Técnico"
450,"Felipe Augusto de Almeida Monteiro","Zagueiro"
612,"Ryder Matos Santos","Meia"
437,"Vitor Hugo Franchescoli de Souza","Zagueiro"
640,"Adilson dos Anjos Oliveira","Meia"
231,"Patric Cabral Lalau","Lateral"
784,"Túlio Rocha Lima","Meia"
970,"Fábio Kauê Pires","Meia"
423,"Wiliam Silva Gomes Barbio","Atacante"
633,"Jefferson Nogueira Junior","Meia"
667,"Nathan dos Santos Custódio","Meia"
148,"Júlio César Jacobi","Goleiro"
102,"Rodrigo Marcos dos Santos","Meia"
756,"Lucas René Olaza Catrofe","Lateral"
951,"Mateus Aparecido de Oliveira Fonseca","Atacante"
222,"José Fábio Santos de Oliveira","Atacante"
897,"José Guilherme Sangaletti Serrano","Goleiro"
476,"Samuel Rosa Gonçalves ","Atacante"
554,"Jayme de Almeida Filho","Técnico"
234,"Ananias Elói Castro Monteiro","Atacante"
583,"Hugo Chiusoli Gumiero","Goleiro"
431,"Hernane Vidal Souza","Atacante"
43,"Marcos Venâncio de Albuquerque","Lateral"
942,"Rodrigo da Conceição","Zagueiro"
980,"Claudiomiro Salenave Santiago","Técnico"
555,"Tiago Pagnussat","Zagueiro"
927,"Francisco Ítalo de Souza Correa","Atacante"
551,"Leandro Marcos Pereira","Atacante"
620,"Vitor Prada Macaneiro","Goleiro"
648,"Otávio Henrique Passos Santos","Meia"
178,"Pablo Horacio Guiñazu","Meia"
403,"João Paulo Azevedo Barbosa","Goleiro"
224,"Josef de Souza Dias","Meia"
880,"Bruno Ferreira dos Santos","Lateral"
119,"Levir Culpi","Técnico"
963,"Júnior Aparecido Guimaro de Souza","Meia"
98,"Edílson Mendes Guimarães","Lateral"
28,"Fábio Deivson Lopes Maciel","Goleiro"
791,"José Carlos Cracco Neto","Lateral"
482,"Wallace Costa Andrade","Goleiro"
267,"Welinton Souza Silva","Zagueiro"
156,"Everton Cardoso da Silva","Meia"
173,"Vilson Xavier de Meneses Junior","Zagueiro"
263,"Paulo Henrique Chagas de Lima","Meia"
736,"Ronaldo Henrique Ferreira da Silva","Meia"
934,"Thiago Rodrigues da Silva","Goleiro"
873,"Hugo Ragelli Oliveira Andrade","Atacante"
358,"Roberto Andrés Cereceda Guajardo","Lateral"
1009,"Luís Fernando Müller","Meia"
78,"Fábio Santos Romeu","Lateral"
186,"Emerson dos Santos Silva","Zagueiro"
889,"Rodolfo Pereira de Castro","Goleiro"
25,"Nilmar Honorato da Silva","Atacante"
733,"Gabriel Augusto Xavier","Meia"
723,"Dener Gonçalves Pinheiro","Meia"
662,"Marcelo Hermes","Lateral"
183,"André Luiz Paulino Souza Motta","Zagueiro"
360,"Dener Assunção Braz","Lateral"
264,"João Paulo Purcino de Almeida","Lateral"
274,"Willian Roberto Farias","Meia"
523,"Gustavo Henrique Vernes","Zagueiro"
599,"Fábio Gonçalves","Meia"
679,"Toshiya Tojo","Meia"
323,"Josimar Rosado da Silva Tavares","Meia"
1037,"Lucas Veríssimo da Silva","Zagueiro"
272,"Luiz Otávio Santos de Araújo","Meia"
1017,"Denilson dos Santos de Souza","Zagueiro"
475,"Rodrigo Caio Roquette Russo","Meia"
172,"Ricardo Martins de Araújo","Zagueiro"
506,"Bruno Brígido de Oliveira","Goleiro"
18,"Cristian Mark Junio Nascimento Oliveira ","Meia"
144,"Erivonaldo Florencio de Oliveira Filho","Meia"
751,"Fernando Omar Barrientos","Meia"
302,"Ricardo Souza Silva","Meia"
268,"Rafael Toloi","Zagueiro"
143,"Luiz Felipe Scolari","Técnico"
776,"Bruno da Mota Miranda","Meia"
79,"Robson de Souza","Atacante"
412,"Bruno Medeiros Grassi","Goleiro"
265,"Victor Ramos Ferreira","Zagueiro"
483,"Mário Sérgio Valério","Lateral"
520,"Harrison Cardoso de Oliveira","Meia"
488,"Alison Lopes Ferreira","Meia"
979,"Lucas Marques de Oliveira","Meia"
671,"Eberson Silva de Pontes","Zagueiro"
819,"Carlos Henrique Alves Pereira","Atacante"
394,"Vinícius Goes Barbosa de Souza","Meia"
104,"David França Oliveira e Silva","Meia"
127,"Vanderlei Luxemburgo da Silva","Técnico"
565,"Giovanni Piccolomo","Meia"
427,"Diego Queiroz de Oliveira","Atacante"
535,"Gabriel Girotto Franco","Meia"
824,"Diego Jara Rodrigues","Lateral"
30,"Jonathan Cícero Moreira","Lateral"
442,"Eduardo Alves da Silva","Atacante"
139,"Cássio Alessandro de Souza","Zagueiro"
200,"Ralf de Souza Telles","Meia"
329,"Marcos Assis Santana","Atacante"
726,"Lucas Otávio Veiga Lopes","Meia"
319,"Renan Ribeiro","Goleiro"
340,"Marcelo Cirino da Silva","Atacante"
136,"Cássio Ramos","Goleiro"
981,"Gabriel Félix dos Santos","Goleiro"
281,"Carlos Emiliano Pereira","Lateral"
754,"Natanael Batista Pimenta","Lateral"
744,"Alex Paulo Menezes Santana","Meia"
792,"Matheus da Silva Fortes","Atacante"
867,"João Pedro dos Santos","Lateral"
743,"João Paulo Silva Martins","Goleiro"
967,"Breno Evangelista Cantão de Oliveira","Lateral"
1023,"Sergio Agostinho de Oliveira Vieira","Técnico"
941,"Jarlan Pinheiro da Silva","Atacante"
376,"Luis Felipe Dias do Nascimento","Lateral"
594,"Tony Ewerton Ramos da Silva","Lateral"
155,"Felipe Menezes Jácomo","Meia"
864,"Ânderson Balbino Assis","Meia"
421,"Wellington Wildy Muniz dos Santos","Meia"
604,"Michael Vinicius Silva de Morais","Atacante"
100,"Cleiton Ribeiro Xavier","Meia"
677,"Lucas Ramon Batista da Silva","Lateral"
185,"Wanderson Pereira Rodrigues","Meia"
375,"Alejandro Martinuccio","Atacante"
977,"James Freitas","Técnico"
7,"Celso Juarez Roth","Técnico"
357,"Charles Mariano Aránguiz Sandoval","Meia"
519,"Vagner Antônio Brandalise","Goleiro"
44,"Edimo Ferreira Campos","Meia"
481,"Rogério Rodrigues da Silva","Lateral"
720,"Lucas Cândido Silva","Meia"
232,"Rodrigo Eduardo Costa Marinho","Meia"
930,"Willian Bergamin","Goleiro"
46,"Cristian Martins Cabral","Meia"
801,"Jonathan Ferreira da Silva","Lateral"
608,"Renato Augusto Santos Junior","Meia"
381,"Jackson de Souza","Zagueiro"
823,"Lorran de Oliveira Quintanilha","Lateral"
799,"Guilherme Antonio Arana Lopes","Lateral"
223,"Bruno Vieira Gallo","Meia"
294,"Luiz Fernando Pereira da Silva","Atacante"
749,"Diogo Mateus de Almeida Rodrigues Maciel","Lateral"
630,"Bruno de Araújo Dybal","Meia"
1031,"Felipe Tontini da Silveira","Meia"
204,"Víctor Leandro Bagy","Goleiro"
508,"Guilherme Dellatorre","Atacante"
295,"Henrique Almeida Caixeta Nascentes","Atacante"
74,"Fellype Gabriel de Melo e Silva","Meia"
399,"Kelvin Mateus de Oliveira","Atacante"
843,"Renato da Silva Júnior","Meia"
707,"Rafael Diniz Alves e Silva","Meia"
579,"Alex Alves Cardoso","Zagueiro"
32,"Alecsandro Barbosa Felisbino","Atacante"
909,"Gabriel Teixeira da Silva","Zagueiro"
75,"Antônio Carlos dos Santos Aguiar","Zagueiro"
235,"Lucca Borges Brito","Atacante"
206,"Alexandro da Silva Batista","Atacante"
999,"Bruno Viana Willemen da Silva","Zagueiro"
592,"Jhonatan Luiz da Siqueira ","Goleiro"
239,"Aislan Paulo Lotici Back","Zagueiro"
428,"Jailson Marcelino dos Santos","Goleiro"
552,"Bruno Pereira Mendes","Atacante"
946,"Rodrigo de Oliveira Ramos","Lateral"
342,"Muriel Gustavo Becker","Goleiro"
87,"Thiago Heleno Henrique Ferreira","Zagueiro"
147,"Ernando Rodrigues Lopes","Zagueiro"
732,"Carlos Alberto Carvalho da Silva Júnior","Atacante"
463,"Paulo Roberto Falcão","Técnico"
153,"Paulo Henrique Dias da Cruz","Meia"
653,"Romário de Souza Faria Júnior","Atacante"
215,"João Paulo da Silva","Meia"
926,"Evandro Lima de Oliveira Filho","Lateral"
366,"Rafael Costa dos Santos","Atacante"
85,"Jadson Rodrigues da Silva","Meia"
975,"Eriks de Souza Santos Pereira","Zagueiro"
315,"Carlos Gilberto Nascimento Silva","Zagueiro"
308,"André Luiz Barretto Silva Lima","Atacante"
511,"William de Oliveira Pottker","Atacante"
794,"Eduardo Augusto Baptista Miguel","Técnico"
187,"Leandro Donizete Gonçalves da Silva","Meia"
24,"Carlos Alberto Gomes de Jesus","Meia"
306,"Klever Rodrigo Gomes Rufino","Goleiro"
243,"Andrés Nicolas D'Alessandro","Meia"
920,"Michel Gilioli","Lateral"
60,"Edcarlos Conceição Santos","Zagueiro"
779,"Henrique Gelain Custódio","Lateral"
198,"Flávio Alex Valêncio","Atacante"
379,"Guilherme Ferreira Pinto","Atacante"
120,"Silvio Silas da Silva Walenga","Goleiro"
348,"Felipe Ignacio Seymour Dobud","Meia"
624,"Frickson Rafael  Erazo Vivero","Zagueiro"
289,"Bernardo Vieira de Souza","Meia"
14,"Luis Antônio Venker de Menezes","Técnico"
857,"Luan Polli Gomes","Goleiro"
236,"Gilberto Oliveira Souza Júnior","Atacante"
540,"José Carlos Tofolo Júnior","Atacante"
418,"Uillian Correia Granemann","Meia"
623,"Thallyson Augusto Tavares Dias","Lateral"
228,"Uendel Pereira Gonçalves","Lateral"
1016,"Matheus Oliveira de Souza","Lateral"
202,"Gilson Gomes do Nascimento","Lateral"
493,"Charles Marcelo da Silva","Goleiro"
37,"Juan Maldonado Jaimez Júnior","Lateral"
605,"Marlon Santos da Silva Barbosa","Zagueiro"
253,"Wallyson Ricardo Maciel Monteiro","Atacante"
566,"Roger Machado Marques","Técnico"
0,"Nelson de Jesus Silva","Goleiro"
615,"Johnath Marlone Azevedo da Silva","Meia"
529,"João Afonso Crispim","Meia"
118,"José Renato da Silva Júnior","Lateral"
611,"Luan Garcia Teixeira","Zagueiro"
97,"Marcos Roberto da Silva Barbosa","Zagueiro"
752,"Ian Prado Barreto","Meia"
352,"Leonardo Moreira Morais","Lateral"
388,"Leonardo da Silva Vieira","Goleiro"
877,"Gustavo Henrique Barbosa Freire","Atacante"
410,"Lourival Júnior de Araújo Lopes","Zagueiro"
725,"Henrique Silva Milagres","Lateral"
99,"Cléverson Gabriel Córdova","Atacante"
717,"Robert Kenedy Nunes do Nascimento","Atacante"
445,"Weverson Leandro Oliveira Moura","Atacante"
1036,"Diogo Giacomini","Técnico"
86,"Carlos Henrique dos Santos Souza","Zagueiro"
1024,"Fernando Medeiros","Meia"
890,"Gerferson Cerqueira Teles","Lateral"
369,"Milton Cruz","Técnico"
528,"Renê Rodrigues Martins","Lateral"
391,"Roberto Heuchayer Santos de Araújo","Lateral"
11,"Paulo César Lopes de Gusmão","Técnico"
747,"Leonardo Pinheiro da Conceição","Lateral"
881,"James Dean Araujo de Lima","Atacante"
614,"Nixon Darlanio Reis Cardoso","Atacante"
414,"Tiago da Costa Silva","Lateral"
455,"Luccas Claro dos Santos","Zagueiro"
876,"Erick Samuel Correa Farias","Atacante"
213,"Túlio Vinícius Fróes de Melo","Atacante"
9,"René Rodrigues Simões","Técnico"
248,"Róbson Michael Signorini","Meia"
195,"Bruno Rangel Domingues","Atacante"
822,"Yago Felipe da Costa Rocha","Meia"
117,"Hélio César Pinto dos Anjos","Técnico"
527,"Victor Vinícius Coelho dos Santos","Atacante"
307,"Welington Pereira Rodrigues","Zagueiro"
1026,"Felipe José Feres Moreira","Técnico"
659,"Lucas Heinzen Coelho","Atacante"
842,"Marcos Vinicius Serrato","Meia"
956,"Jacsson Antônio Wichnovski","Goleiro"
610,"Fernando José da Cunha Neto","Lateral"
829,"Sergio Antonio Soler de Oliveira Junior","Meia"
635,"Willian Osmar de Oliveira Silva","Meia"
646,"Rafael Henrique Zuchi","Zagueiro"
504,"Leandro da Silva","Lateral"
420,"Luiz Antonio Linhares Garcia","Zagueiro"
858,"Murilo Henrique Pereira Rocha","Meia"
739,"Wilder Andrés Guisao Correa","Meia"
152,"Wilson Rodrigues de Moura Júnior","Goleiro"
17,"Michel Fernandes Bastos","Meia"
1025,"Breno Lucinda dos Santos","Lateral"
335,"Manoel Messias Silva Carvalho","Zagueiro"
789,"Nathan Allan de Souza","Meia"
872,"Carlos Eugenio Júnior Tavares dos Santos","Lateral"
1004,"Rafael Dumas","Zagueiro"
415,"Wellington do Nascimento Silva","Lateral"
471,"Marcos Vinícius de Jesus Araújo","Meia"
598,"César Fernando Silva dos Santos","Atacante"
584,"Francisco Edson Moreira da Silva","Meia"
695,"Leonardo Pereira","Zagueiro"
865,"Gerson Santos da Silva","Meia"
937,"Lucas Estella Perri","Goleiro"
68,"Deyvison Rogério da Silva","Atacante"
197,"Pedro Roberto Silva Botelho","Lateral"
332,"Hélio Hermito Zampier Neto","Zagueiro"
230,"Jael Ferreira Vieira","Atacante"
470,"Juan Carlos Osorio Arbeláez","Técnico"
350,"Diego Ivo Pires","Zagueiro"
898,"Julen Sandy Rodrigues Ferreira","Meia"
945,"Anderson Vieira de Oliveira","Lateral"
765,"Icaro Cosmo da Rocha","Meia"
372,"Jorge Amorim de Oliveira Campos","Técnico"
702,"Erick Fernando Brandão Daltro","Lateral"
837,"Wilker Guimarães Cruz","Atacante"
176,"Leonardo Renan Simões de Lacerda","Zagueiro"
1007,"Deivid de Souza","Técnico"
324,"Mário Sérgio Santos Costa","Atacante"
738,"Thalles Lima","Atacante"
354,"Martín Andrés Silva","Goleiro"
109,"Anderson Luís de Abreu Oliveira","Meia"
526,"Oswaldo Alfredo de Lima Gonçalves","Zagueiro"
811,"Guilherme Gimenez de Souza","Lateral"
1000,"Lucas Taylor Maia Reis","Lateral"
607,"Guilherme Henrique dos Reis Lazaroni","Lateral"
341,"Vladimir Orlando Cardoso de Araújo Filho","Goleiro"
788,"Leonardo Cesar Jardim","Goleiro"
541,"Gabriel Bordinhão Gasparotto","Goleiro"
201,"Réver Humberto Alves Araújo","Zagueiro"
58,"Alessandro da Conceição Pinto","Lateral"
392,"Wesley Pacheco Gomes","Atacante"
742,"Wanderson Ferreira de Oliveira","Meia"
692,"Patrick Bezerra do Nascimento","Meia"
740,"Felipe Francisco Macedo","Zagueiro"
151,"Wanderley Filho","Técnico"
658,"Paulo Conrado do Carmo Sardin","Atacante"
923,"Everton Pereira","Lateral"
538,"Ramiro Moschen Benetti","Meia"
683,"Braian Damián Rodríguez Carballo","Atacante"
560,"Ricardo César Dantas da Silva","Zagueiro"
557,"Alex Roberto Santana Rafael ","Goleiro"
327,"Wallace Reis da Silva","Zagueiro"
3,"José Roberto da Silva Júnior","Lateral"
417,"Hugo da Silva Cabral","Atacante"
170,"Edwin Armando Valencia Rodríguez","Meia"
479,"Claudinei Junio De Souza","Meia"
849,"Walace Souza Silva","Meia"
846,"Jean Patrick Reis","Meia"
549,"Ronei Gleison Rodrigues dos Reis","Meia"
101,"Nílton Ferreira Júnior","Meia"
651,"Christiano Andrey de Araujo Vieira","Lateral"
41,"Ramon Rodrigo de Freitas","Meia"
316,"Leonardo Fabiano da Silva e Silva","Zagueiro"
393,"Thiago Henrique Mendes Ribeiro","Meia"
193,"Giuliano Victor de Paula","Meia"
48,"Maicosuel Reginaldo de Matos","Meia"
778,"Jordi Almeida","Goleiro"
816,"Junio Ricardo da Rocha","Lateral"
954," João Pedro Heinen Silva","Meia"
871,"Wanderson de Jesus Martins","Lateral"
907,"Carlos Eduardo Antônio dos Santos","Meia"
595,"Alejandro Ariel Cabral","Meia"
1035,"Raphael Dias Belolli","Meia"
353,"Jesús Alberto Dátolo","Meia"
321,"Saimon Pains Tormen","Zagueiro"
687,"Givanildo Pulgas da Silva","Atacante"
654,"Rodrigo Pereira de Lima","Lateral"
216,"Cristóvão Borges dos Santos","Técnico"
467,"Robert Geannine de Souza Campos","Atacante"
273,"Valmir Lucas de Oliveira","Zagueiro"
34,"Cícero Santos","Meia"
137,"Bruno Martins Teles","Lateral"
312,"Diego Souza de Andrade","Meia"
426,"Anderson Soares da Silva","Atacante"
884,"Gustavo Henrique Ferrareis","Atacante"
191,"Rafael Bastos","Meia"
852,"Leandro Joaquim Ribeiro","Atacante"
50,"Elano Blumer","Meia"
19,"Dagoberto Pelentier","Atacante"
545,"Petros Mateus dos Santos Araújo","Meia"
721,"Alex da Silva","Lateral"
790,"Cicero Clebson Alves Santana","Meia"
770,"Rafael da Silva Souza","Atacante"
84,"Márcio Rodrigues Araújo","Meia"
838,"Paulo Ricardo Ferreira","Zagueiro"
444,"Rafael Copetti Fernandes","Goleiro"
336,"Heracles Paiva Aguiar","Lateral"
839,"Daniel Guedes da Silva","Lateral"
159,"Hudson Rodrigues dos Santos","Meia"
737,"Jonatan Ponciano da Silva","Atacante"
539,"Michel das Chagas Henrique","Atacante"
563,"Néstor Abrahan Camacho Ledesma","Meia"
56,"Wendel Geraldo Maurício e Silva","Meia"
998,"Matheus Antonio Souza dos Santos","Atacante"
597,"Norberto Pereira Marinho Neto","Lateral"
237,"Carlos Cesar Neves","Lateral"
944,"Luccas Heinricky Alves Barreto","Meia"
269,"Marcos Luis Rocha Aquino","Lateral"
297,"Sosthenes José Santos Salles","Atacante"
995,"Ravanelli Ferreira dos Santos","Atacante"
536,"Dráusio Luís Salla Gil","Zagueiro"
39,"Marcelo Grohe","Goleiro"
124,"João Carlos Pinto Chaves","Zagueiro"
162,"Alan Kardec de Sousa Pereira Júnior","Atacante"
395,"Cristian Gabriel Rodríguez Barotti","Meia"
1022,"Bruno Rafael Rodrigues do Nascimento","Atacante"
261,"Werley Ananias da Silva","Zagueiro"
815,"Thiago Santos Santana","Atacante"
850,"Auro Álvaro da Cruz Júnior","Lateral"
684,"Rafael Thyere Albuquerque Marques","Zagueiro"
165,"Charles Fernando Basílio da Silva","Meia"
486,"Héctor Canteros","Meia"
49,"Renan Brito Soares","Goleiro"
181,"Keirrison de Souza Carneiro","Atacante"
804,"Danilo Pires Costa","Meia"
603,"Rafael de Jesus Bonfim ","Zagueiro"
809,"Eurico Nicolau de Lima Neto","Meia"
211,"Jéferson Rodrigues Gonçalves","Meia"
966,"Ygor Nogueira de Paula","Zagueiro"
798,"José Paulo de Oliveira Pinto","Meia"
905,"André Luiz Baumer Nascimento","Zagueiro"
625,"Júnior de Barros","Atacante"
609,"Lucas Rafael Araujo Lima","Meia"
586,"Taiberson Ruan Menezes Nunes","Atacante"
495,"Misael Bueno","Meia"
1002,"Matheus Phillipe Coutinho Gomes","Goleiro"
459,"Willian Pereira da Rocha","Lateral"
718,"Matteus Oliveira Santos","Meia"
219,"Marcos Antônio da Silva Gonçalves","Atacante"
344,"Marcelino Junior Lopes Arruda","Atacante"
896,"Pedro Guilherme Santos Felipe","Lateral"
298,"Severino do Ramo Clementino da Silva","Lateral"
385,"Juliano Real Pacheco","Meia"
590,"Marcelo Henrique França de Siqueira","Meia"
531,"Matheus Hanauer Bertotto","Meia"
636,"Weverton Almeida Santos","Lateral"
704,"Jemerson de Jesus Nascimento","Zagueiro"
964,"David de Duarte Macedo","Zagueiro"
443,"Luís Enrique Cáceres Centurión","Meia"
5,"Josué Anunciado de Oliveira","Meia"
533,"Paulo Luiz Beraldo Santos","Atacante"
773,"Lucas Macanhan Ferreira","Goleiro"
674,"Vinícius Vasconcelos Araújo","Atacante"
851,"Lucas de Figueiredo Crispim","Meia"
517,"César Bernardo Dutra","Goleiro"
949,"Francisco Arancibia","Meia"
142,"Luiz Rhodolfo Dini Gaioto","Zagueiro"
575,"Hemerson Maria","Técnico"
810,"Jonatan Ezequiel Cristaldo","Atacante"
831,"Malcom Filipe Silva de Oliveira","Atacante"
45,"Paulo César Fonseca do Nascimento","Meia"
349,"Ricardo Bueno da Silva","Atacante"
380,"Anderson Aparecido Salles","Zagueiro"
657,"Alan Henrique Costa","Zagueiro"
724,"Victor Oliveira","Zagueiro"
874,"Marcos Yuri Goncalves da Silva de Souza","Atacante"
328,"Arthur Brasiliano Maia","Meia"
301,"Renato de Araújo Chaves Júnior","Zagueiro"
655,"Lucas Machado Pinna","Meia"
1018,"Murilo Henrique Oliveira Santos","Atacante"
783,"William Popp","Atacante"
364,"Guilherme Cruz de Mattis","Zagueiro"
986,"Diogo Vitor da Cruz","Lateral"
457,"Francinilson Santos Meireles","Meia"
982,"Wallace Lucas Aires da Silva","Atacante"
157,"Elicarlos Souza Santos","Meia"
666,"Victor Neves Rangel","Atacante"
317,"Rafael Pires Monteiro","Goleiro"
619,"Jair Rodrigues Júnior","Meia"
47,"Gustavo Franchin Schiavolin","Zagueiro"
452,"Rafael Vaz dos Santos","Zagueiro"
436,"William Amorim Martins de Menezes","Goleiro"
652,"Rodolfo de Almeida Guimarães","Meia"
111,"Ricardo Oliveira","Atacante"
114,"Rafael Marques Mariano","Atacante"
256,"Yuri Naves Roberto","Meia"
781,"Gabriel Boschilia","Meia"
642,"César Henrique Martins","Zagueiro"
606,"Marcos Garbellotto Pedroso","Lateral"
33,"Wagner Ferreira dos Santos","Meia"
882,"Iury Lirio Freitas de Castilho","Atacante"
90,"Diego Cavalieri","Goleiro"
212,"Willians Domingos Fernandes","Meia"
544,"Rodrigo Dourado Cunha","Meia"
627,"Clayton Silveira da Silva","Atacante"
558,"Jucimar Lima Pacheco","Meia"
6,"Ronaldo de Assis Moreira","Meia"
110,"Renato Dirnei Florêncio","Meia"
447,"Daniel Borges Fortunato","Lateral"
233,"Neuciano de Jesus Gusmão","Lateral"
650,"Douglas Coutinho Gomes de Souza","Atacante"
928,"Alison Vicente da Silva","Atacante"
169,"Breno Vinicius Rodrigues Borges","Zagueiro"
987,"Hyago de Medeiros Engelmann","Meia"
247,"Marcos Rogério Ricci Lopes","Lateral"
622,"Mayke Rocha de Oliveira","Lateral"
429,"Ayrton Luis Ganino","Lateral"
